ts_utc,symbol,long_pct,short_pct,long_lots,short_lots,long_positions,short_positions,source
2026-09-29T11:36:05Z,XAUUSD,68.0,32.0,1684.63,786.69,11471.0,4047.0,browser
2026-09-29T11:39:13Z,XAUUSD,68.0,32.0,1684.45,786.7,11469.0,4048.0,browser
2026-09-29T19:42:29Z,XAUUSD,66.0,34.0,1502.48,777.93,10611.0,4023.0,browser
2026-09-29T20:42:58Z,XAUUSD,65.0,35.0,1426.18,773.35,10316.0,4018.0,browser
2026-09-30T19:42:23Z,XAUUSD,66.0,34.0,936.15,487.92,6631.0,2495.0,browser
2026-09-30T20:42:51Z,XAUUSD,67.0,33.0,1103.03,537.62,8435.0,2970.0,browser
2026-09-30T21:42:26Z,XAUUSD,66.0,34.0,1137.87,587.85,8867.0,3149.0,browser
2026-09-30T22:42:53Z,XAUUSD,67.0,33.0,1182.0,581.25,9148.0,3096.0,browser
2026-09-30T23:42:32Z,XAUUSD,67.0,33.0,1241.4,603.4,9608.0,3262.0,browser
2026-10-01T00:43:03Z,XAUUSD,68.0,32.0,1283.58,597.74,9744.0,3206.0,browser
2026-10-01T01:43:07Z,XAUUSD,68.0,32.0,1287.0,604.15,9775.0,3264.0,browser
2026-10-01T02:42:52Z,XAUUSD,68.0,32.0,1275.82,604.91,9819.0,3309.0,browser
